Detail_ID,Order_ID,Amount,Quantity,SubCategory_ID
1,1,1275.0,7,1
2,1,66.0,5,2
3,1,8.0,3,3
4,1,80.0,4,4
5,2,168.0,2,5
6,2,424.0,5,5
7,2,2617.0,4,5
8,2,561.0,3,6
9,2,119.0,8,6
10,3,1355.0,5,7
11,3,24.0,1,8
12,3,193.0,3,6
13,3,180.0,3,7
14,3,116.0,4,2
15,3,107.0,6,2
16,3,12.0,2,3
17,3,38.0,1,9
18,4,65.0,2,10
19,4,157.0,9,6
20,5,75.0,7,6
21,6,87.0,2,11
22,7,50.0,4,12
23,8,1364.0,5,13
24,8,476.0,3,8
25,8,257.0,5,3
26,8,856.0,6,14
27,9,485.0,4,4
28,9,25.0,4,6
29,10,1076.0,4,14
30,10,107.0,4,2
31,10,68.0,5,15
32,10,781.0,6,14
33,10,43.0,3,6
34,10,30.0,2,16
35,11,160.0,2,6
36,12,259.0,2,8
37,13,1603.0,9,6
38,14,494.0,4,1
39,14,98.0,2,4
40,15,68.0,5,3
41,16,42.0,5,3
42,16,116.0,5,2
43,16,22.0,3,3
44,16,14.0,3,3
45,17,305.0,5,4
46,18,362.0,1,1
47,18,12.0,2,3
48,19,353.0,8,6
49,20,193.0,1,14
50,21,233.0,5,4
51,21,228.0,3,4
52,21,333.0,3,5
53,22,534.0,3,6
54,23,53.0,4,2
55,23,158.0,3,2
56,23,149.0,4,6
57,23,105.0,2,2
58,24,26.0,3,3
59,25,97.0,2,3
60,25,59.0,3,12
61,25,635.0,5,6
62,26,46.0,1,5
63,26,1103.0,3,8
64,27,55.0,4,2
65,28,45.0,4,17
66,28,24.0,4,6
67,28,35.0,2,16
68,29,1560.0,3,7
69,30,133.0,5,2
70,30,114.0,5,9
71,30,143.0,2,5
72,30,40.0,3,2
73,30,34.0,4,10
74,30,42.0,2,9
75,31,89.0,2,16
76,32,19.0,2,12
77,33,249.0,4,5
78,33,711.0,4,6
79,33,496.0,2,7
80,34,389.0,3,8
81,35,40.0,3,3
82,35,23.0,2,17
83,35,382.0,3,6
84,36,637.0,5,6
85,37,117.0,3,11
86,38,182.0,3,1
87,38,880.0,8,16
88,38,154.0,3,3
89,38,816.0,3,14
90,39,1629.0,3,5
91,40,68.0,2,7
92,40,314.0,13,3
93,40,122.0,4,6
94,41,22.0,1,16
95,42,434.0,11,11
96,43,1061.0,8,1
97,43,50.0,2,3
98,43,37.0,4,11
99,43,263.0,2,4
100,43,36.0,1,4
101,44,76.0,8,16
102,45,273.0,4,5
103,45,86.0,4,10
104,45,133.0,1,14
105,45,183.0,5,5
106,46,20.0,2,6
107,47,42.0,4,6
108,48,100.0,1,5
109,48,30.0,1,10
110,48,55.0,4,6
111,48,130.0,4,6
112,49,27.0,2,2
113,50,245.0,2,14
114,50,211.0,2,6
115,50,31.0,2,6
116,50,28.0,2,2
117,50,512.0,5,6
118,50,925.0,5,4
119,50,238.0,2,6
120,50,351.0,8,5
121,50,269.0,3,7
122,51,200.0,4,1
123,51,44.0,3,2
124,51,7.0,1,12
125,51,11.0,2,17
126,51,16.0,2,10
127,51,172.0,3,8
128,51,49.0,1,11
129,51,823.0,7,8
130,51,23.0,1,6
131,51,457.0,4,6
132,52,24.0,7,17
133,52,25.0,5,3
134,52,174.0,3,15
135,52,206.0,3,6
136,52,21.0,3,12
137,52,34.0,4,12
138,52,9.0,2,3
139,53,1279.0,8,14
140,53,28.0,2,6
141,53,427.0,7,5
142,53,168.0,3,15
143,53,1327.0,8,8
144,53,195.0,5,5
145,53,115.0,1,15
146,53,668.0,3,14
147,53,227.0,8,15
148,54,34.0,3,3
149,54,229.0,2,6
150,54,54.0,3,6
151,54,269.0,2,4
152,54,122.0,3,16
153,54,105.0,2,2
154,54,450.0,3,14
155,54,121.0,3,16
156,55,44.0,3,3
157,55,7.0,3,3
158,55,396.0,9,6
159,55,97.0,2,7
160,55,110.0,4,6
161,55,312.0,7,8
162,55,9.0,2,17
163,55,6.0,1,3
164,55,74.0,8,17
165,56,534.0,3,6
166,56,30.0,5,2
167,56,61.0,2,6
168,56,6.0,1,3
169,56,24.0,2,3
170,56,56.0,2,3
171,56,406.0,2,6
172,56,624.0,2,4
173,56,101.0,9,17
174,56,1389.0,7,6
175,56,651.0,5,14
176,56,13.0,3,3
177,57,1021.0,4,4
178,57,32.0,5,6
179,57,332.0,6,5
180,57,288.0,4,8
181,58,27.0,2,10
182,59,148.0,7,10
183,60,245.0,3,6
184,61,19.0,3,3
185,61,224.0,3,8
186,61,58.0,2,8
187,61,145.0,5,8
188,61,55.0,2,8
189,61,7.0,2,3
190,62,24.0,2,10
191,62,86.0,1,4
192,62,385.0,11,16
193,63,294.0,2,14
194,64,444.0,4,5
195,64,785.0,2,5
196,64,258.0,2,5
197,64,83.0,1,1
198,65,166.0,4,15
199,66,934.0,7,4
200,67,11.0,4,3
201,67,41.0,5,17
202,67,344.0,3,6
203,67,1030.0,8,14
204,67,516.0,4,1
205,68,123.0,3,16
206,69,610.0,2,13
207,70,74.0,3,2
208,70,24.0,2,3
209,70,14.0,1,3
210,70,656.0,2,1
211,71,832.0,3,7
212,72,27.0,1,2
213,73,143.0,5,6
214,73,44.0,5,6
215,73,45.0,4,11
216,73,16.0,1,6
217,73,37.0,3,10
218,74,17.0,5,17
219,75,929.0,9,6
220,76,342.0,4,4
221,76,1263.0,5,7
222,76,674.0,2,13
223,76,32.0,3,11
224,76,79.0,4,11
225,77,20.0,1,15
226,78,64.0,3,6
227,78,7.0,2,17
228,78,327.0,1,5
229,78,27.0,2,11
230,79,76.0,1,6
231,80,73.0,3,6
232,81,68.0,3,15
233,81,523.0,7,7
234,81,44.0,1,6
235,81,243.0,2,8
236,81,1625.0,3,5
237,81,1096.0,7,4
238,82,545.0,11,5
239,83,433.0,3,14
240,83,245.0,4,5
241,83,155.0,3,16
242,83,148.0,5,2
243,83,86.0,6,6
244,84,134.0,2,8
245,85,51.0,2,16
246,85,529.0,3,5
247,85,264.0,3,16
248,85,45.0,4,11
249,86,381.0,2,6
250,86,332.0,3,14
251,86,1829.0,6,13
252,87,17.0,1,2
253,87,357.0,2,6
254,87,51.0,3,10
255,87,387.0,5,6
256,87,14.0,4,9
257,88,352.0,5,6
258,89,469.0,3,4
259,89,97.0,2,2
260,89,149.0,3,2
261,90,31.0,3,17
262,91,714.0,4,6
263,91,75.0,3,2
264,91,17.0,3,2
265,92,141.0,7,16
266,93,76.0,9,3
267,93,632.0,6,6
268,93,32.0,6,6
269,93,68.0,1,5
270,93,82.0,5,10
271,93,72.0,1,5
272,93,13.0,2,17
273,94,167.0,7,10
274,95,171.0,9,11
275,96,117.0,3,5
276,96,116.0,1,6
277,96,887.0,3,14
278,96,275.0,4,6
279,96,44.0,3,9
280,96,168.0,3,6
281,97,114.0,3,15
282,97,1300.0,8,14
283,97,4.0,1,17
284,97,73.0,1,5
285,97,67.0,3,2
286,97,322.0,5,14
287,97,115.0,3,7
288,98,87.0,5,9
289,98,27.0,4,3
290,98,207.0,3,6
291,98,516.0,8,8
292,98,7.0,1,3
293,98,65.0,2,5
294,99,20.0,1,16
295,99,49.0,2,2
296,99,34.0,5,12
297,99,21.0,1,15
298,100,129.0,5,11
299,100,44.0,3,2
300,100,7.0,2,3
301,101,10.0,2,17
302,101,33.0,3,11
303,101,98.0,2,8
304,101,33.0,5,3
305,102,75.0,3,11
306,102,424.0,9,8
307,102,31.0,4,6
308,102,941.0,3,13
309,102,306.0,3,6
310,103,42.0,2,16
311,103,17.0,2,2
312,103,32.0,5,3
313,103,231.0,9,3
314,103,22.0,4,9
315,103,97.0,4,6
316,103,47.0,4,6
317,103,186.0,9,11
318,104,126.0,3,15
319,104,102.0,3,5
320,105,46.0,2,4
321,106,31.0,4,2
322,107,8.0,1,2
323,108,191.0,8,16
324,108,709.0,5,5
325,108,81.0,7,2
326,108,32.0,2,2
327,109,33.0,7,6
328,109,41.0,1,8
329,110,216.0,6,16
330,110,616.0,7,16
331,110,10.0,1,12
332,110,25.0,4,17
333,110,53.0,4,10
334,110,13.0,1,10
335,111,100.0,4,3
336,112,193.0,3,5
337,113,158.0,4,8
338,114,11.0,2,3
339,114,340.0,7,11
340,115,416.0,3,5
341,116,58.0,4,6
342,117,561.0,3,6
343,117,138.0,5,6
344,117,90.0,3,11
345,117,55.0,2,8
346,118,371.0,1,1
347,118,460.0,3,1
348,119,29.0,2,2
349,120,30.0,1,8
350,121,29.0,7,17
351,121,191.0,5,11
352,121,149.0,2,5
353,122,48.0,8,2
354,123,26.0,1,2
355,123,16.0,2,2
356,123,12.0,2,12
357,123,76.0,3,4
358,124,168.0,2,1
359,125,23.0,7,3
360,125,26.0,2,2
361,125,144.0,4,4
362,126,490.0,8,1
363,127,57.0,6,12
364,127,327.0,4,7
365,128,1055.0,4,14
366,128,771.0,2,5
367,128,322.0,4,6
368,129,1549.0,4,5
369,130,1145.0,3,5
370,130,473.0,4,8
371,130,96.0,5,2
372,130,18.0,2,3
373,130,187.0,4,15
374,130,83.0,3,8
375,131,131.0,8,16
376,132,16.0,2,2
377,133,43.0,7,2
378,133,30.0,2,2
379,133,23.0,4,3
380,134,108.0,3,4
381,135,12.0,3,3
382,135,7.0,2,17
383,135,15.0,1,3
384,136,31.0,5,17
385,137,187.0,3,7
386,138,70.0,2,16
387,138,72.0,3,6
388,138,1069.0,6,6
389,138,148.0,2,5
390,139,133.0,2,8
391,140,40.0,3,2
392,140,7.0,2,17
393,140,58.0,2,6
394,141,482.0,7,4
395,142,11.0,2,17
396,143,143.0,5,6
397,143,9.0,1,6
398,143,503.0,2,7
399,143,74.0,3,2
400,143,56.0,4,3
401,144,373.0,6,14
402,145,44.0,3,2
403,145,296.0,11,6
404,145,670.0,5,1
405,145,132.0,5,16
406,146,87.0,2,6
407,147,877.0,2,1
408,148,141.0,4,11
409,148,224.0,3,5
410,148,8.0,2,12
411,148,47.0,2,4
412,149,1052.0,3,1
413,150,212.0,2,8
414,150,42.0,12,17
415,150,208.0,2,6
416,150,22.0,3,2
417,150,539.0,7,16
418,150,78.0,2,16
419,150,20.0,2,6
420,150,19.0,1,11
421,150,73.0,1,1
422,151,10.0,1,9
423,151,14.0,2,12
424,151,68.0,2,5
425,151,106.0,2,5
426,151,43.0,2,6
427,151,43.0,3,11
428,151,534.0,2,4
429,151,32.0,3,3
430,151,65.0,6,3
431,151,221.0,2,4
432,152,1361.0,9,1
433,152,761.0,9,4
434,152,76.0,5,2
435,152,91.0,6,10
436,152,8.0,2,3
437,152,735.0,6,14
438,152,33.0,1,8
439,153,62.0,5,9
440,153,27.0,2,3
441,153,65.0,3,15
442,153,47.0,5,16
443,153,341.0,6,7
444,153,107.0,5,10
445,153,154.0,7,10
446,153,620.0,6,15
447,153,77.0,8,2
448,154,72.0,7,9
449,154,41.0,5,12
450,154,30.0,2,6
451,154,93.0,4,2
452,154,19.0,3,17
453,154,9.0,3,17
454,154,319.0,5,6
455,154,262.0,2,14
456,155,37.0,3,6
457,155,257.0,2,1
458,155,80.0,5,2
459,155,321.0,5,6
460,155,47.0,2,2
461,155,593.0,4,1
462,155,134.0,2,8
463,155,1709.0,3,7
464,155,27.0,2,6
465,156,465.0,4,5
466,156,643.0,2,14
467,156,204.0,3,1
468,156,729.0,5,1
469,156,29.0,4,12
470,157,17.0,4,17
471,157,34.0,5,10
472,157,98.0,2,16
473,157,3151.0,7,7
474,157,53.0,2,2
475,157,165.0,3,2
476,157,211.0,8,2
477,157,106.0,7,3
478,157,14.0,1,3
479,157,17.0,3,3
480,157,46.0,5,17
481,158,8.0,1,2
482,159,20.0,6,3
483,160,322.0,5,14
484,161,2188.0,5,1
485,161,328.0,3,4
486,161,418.0,7,5
487,161,40.0,3,6
488,161,102.0,1,6
489,161,263.0,9,4
490,162,1316.0,7,4
491,162,27.0,3,17
492,162,98.0,2,6
493,163,58.0,3,8
494,164,119.0,5,10
495,164,765.0,2,5
496,164,26.0,2,9
497,164,24.0,2,6
498,165,139.0,3,2
499,166,220.0,2,6
500,167,299.0,3,4
501,167,9.0,2,9
502,167,74.0,2,15
503,167,29.0,3,6
504,167,48.0,2,6
505,168,1582.0,6,7
506,169,355.0,2,6
507,170,375.0,3,1
508,170,299.0,2,1
509,170,287.0,12,8
510,170,110.0,1,16
511,171,148.0,3,3
512,172,1183.0,4,14
513,173,248.0,3,8
514,173,85.0,4,6
515,173,24.0,2,6
516,173,209.0,2,4
517,173,224.0,3,8
518,174,38.0,2,16
519,175,50.0,2,2
520,176,47.0,2,9
521,177,61.0,4,15
522,177,69.0,4,9
523,177,59.0,7,10
524,177,117.0,6,9
525,177,1076.0,4,14
526,178,1506.0,6,14
527,178,109.0,6,6
528,178,933.0,5,6
529,178,724.0,4,4
530,179,1361.0,3,13
531,180,137.0,3,5
532,181,60.0,8,3
533,181,30.0,2,10
534,181,767.0,5,7
535,181,45.0,2,2
536,181,25.0,4,9
537,181,584.0,7,14
538,182,335.0,7,8
539,183,25.0,1,2
540,183,30.0,2,3
541,183,33.0,6,12
542,183,21.0,3,11
543,183,26.0,2,3
544,184,15.0,1,3
545,185,595.0,3,6
546,185,45.0,2,10
547,185,192.0,3,6
548,185,26.0,3,6
549,186,1854.0,5,1
550,186,623.0,3,13
551,186,44.0,3,2
552,186,17.0,3,17
553,187,556.0,7,6
554,187,40.0,3,11
555,187,229.0,8,15
556,187,140.0,4,16
557,188,12.0,1,2
558,189,30.0,1,9
559,189,313.0,5,1
560,189,67.0,9,16
561,190,42.0,1,4
562,191,253.0,2,6
563,191,565.0,7,6
564,191,175.0,3,6
565,192,74.0,3,2
566,193,40.0,5,3
567,193,63.0,6,9
568,193,60.0,4,3
569,193,257.0,4,6
570,193,24.0,4,17
571,193,18.0,3,3
572,193,1402.0,11,6
573,194,176.0,6,15
574,195,276.0,2,5
575,196,37.0,1,6
576,196,28.0,1,15
577,196,239.0,5,8
578,196,78.0,7,2
579,196,632.0,6,6
580,196,559.0,2,7
581,196,148.0,3,6
582,197,976.0,4,15
583,197,148.0,2,1
584,197,413.0,9,8
585,197,89.0,5,6
586,197,1630.0,5,13
587,197,31.0,2,3
588,198,379.0,2,6
589,198,448.0,2,14
590,198,2830.0,13,1
591,198,47.0,2,2
592,198,38.0,3,2
593,198,61.0,4,3
594,199,205.0,3,6
595,199,47.0,4,6
596,199,45.0,2,8
597,199,70.0,5,2
598,200,122.0,9,15
599,200,21.0,3,12
600,200,45.0,7,3
601,201,64.0,4,6
602,201,49.0,2,2
603,201,21.0,4,12
604,201,15.0,1,10
605,202,27.0,5,6
606,202,633.0,11,15
607,202,13.0,2,17
608,202,23.0,1,11
609,202,95.0,2,2
610,203,106.0,3,7
611,203,269.0,1,4
612,203,536.0,1,7
613,203,137.0,5,11
614,203,757.0,2,14
615,203,511.0,3,8
616,203,185.0,4,2
617,203,765.0,6,6
618,204,156.0,5,10
619,204,321.0,3,14
620,205,112.0,2,8
621,206,632.0,4,13
622,207,16.0,1,2
623,208,63.0,6,12
624,208,146.0,3,4
625,208,59.0,2,2
626,208,210.0,4,3
627,209,154.0,3,3
628,209,53.0,1,3
629,210,26.0,4,3
630,210,1120.0,6,6
631,210,45.0,3,11
632,210,307.0,3,15
633,210,92.0,2,2
634,210,29.0,5,3
635,211,126.0,4,3
636,212,259.0,5,3
637,213,911.0,7,8
638,214,118.0,7,10
639,214,462.0,4,6
640,215,35.0,2,2
641,216,391.0,8,2
642,217,743.0,5,14
643,218,75.0,9,3
644,218,36.0,4,9
645,218,32.0,2,12
646,218,94.0,2,16
647,218,28.0,4,3
648,219,417.0,3,4
649,220,119.0,1,8
650,221,60.0,4,2
651,221,17.0,1,3
652,221,125.0,3,15
653,222,34.0,2,6
654,223,2103.0,8,4
655,223,104.0,2,16
656,223,59.0,1,15
657,223,103.0,2,16
658,224,101.0,2,16
659,225,911.0,5,5
660,225,115.0,6,2
661,225,140.0,5,6
662,226,637.0,2,14
663,227,156.0,3,8
664,228,537.0,3,6
665,228,15.0,1,12
666,228,128.0,3,6
667,228,222.0,5,6
668,229,345.0,7,3
669,230,41.0,6,3
670,230,54.0,2,6
671,230,71.0,8,17
672,230,93.0,2,15
673,230,1063.0,7,5
674,230,1954.0,3,5
675,231,693.0,6,6
676,232,504.0,3,1
677,233,64.0,5,3
678,233,36.0,9,3
679,233,45.0,3,2
680,234,16.0,1,2
681,235,52.0,5,12
682,235,27.0,2,12
683,235,155.0,3,2
684,236,1298.0,9,14
685,237,263.0,5,2
686,238,70.0,5,3
687,238,81.0,7,3
688,238,955.0,3,14
689,238,161.0,3,2
690,239,1250.0,7,6
691,240,246.0,2,1
692,240,298.0,2,1
693,240,262.0,6,6
694,241,22.0,2,17
695,242,1543.0,8,14
696,243,50.0,6,17
697,243,214.0,3,15
698,243,255.0,5,3
699,243,18.0,3,3
700,243,45.0,2,2
701,244,86.0,2,6
702,245,274.0,4,5
703,245,82.0,4,9
704,245,757.0,2,14
705,245,132.0,5,2
706,246,94.0,7,12
707,247,643.0,2,14
708,247,264.0,10,16
709,248,147.0,3,16
710,248,16.0,2,3
711,248,648.0,6,4
712,249,336.0,3,5
713,250,45.0,3,10
714,250,93.0,2,3
715,250,52.0,5,12
716,250,148.0,3,2
717,250,24.0,4,3
718,250,513.0,2,15
719,250,117.0,2,7
720,250,916.0,11,5
721,250,485.0,4,6
722,251,10.0,2,3
723,251,300.0,2,14
724,251,57.0,2,10
725,251,103.0,2,6
726,251,336.0,3,1
727,251,53.0,6,3
728,251,90.0,5,10
729,251,62.0,3,6
730,251,135.0,5,9
731,251,237.0,9,10
732,252,320.0,1,14
733,252,24.0,2,3
734,252,45.0,4,3
735,252,97.0,2,2
736,252,50.0,1,2
737,252,869.0,4,13
738,252,105.0,5,9
739,253,39.0,6,17
740,253,30.0,3,3
741,253,26.0,2,3
742,253,19.0,2,6
743,253,579.0,3,14
744,253,2093.0,5,8
745,253,95.0,4,16
746,253,128.0,3,6
747,253,199.0,4,2
748,254,149.0,6,2
749,254,436.0,9,3
750,254,76.0,3,3
751,254,88.0,4,2
752,254,342.0,7,16
753,254,40.0,3,3
754,254,53.0,3,6
755,254,381.0,2,6
756,255,829.0,4,14
757,255,442.0,2,4
758,255,90.0,3,3
759,255,98.0,2,3
760,255,61.0,2,3
761,255,1027.0,8,6
762,255,1319.0,5,14
763,255,197.0,1,1
764,255,550.0,5,16
765,256,74.0,3,2
766,256,10.0,2,17
767,256,689.0,5,6
768,256,257.0,2,6
769,256,48.0,1,6
770,257,324.0,8,15
771,257,598.0,4,1
772,257,227.0,2,16
773,258,22.0,3,3
774,258,29.0,4,17
775,258,27.0,2,17
776,258,82.0,2,11
777,258,294.0,7,15
778,258,16.0,1,6
779,258,245.0,2,6
780,258,223.0,2,1
781,258,2457.0,11,4
782,259,724.0,2,1
783,260,112.0,3,9
784,261,128.0,3,6
785,261,50.0,2,2
786,261,62.0,5,3
787,261,44.0,3,3
788,261,56.0,2,3
789,261,216.0,3,4
790,262,2061.0,5,1
791,262,121.0,4,2
792,262,80.0,3,2
793,263,189.0,7,2
794,264,100.0,4,2
795,264,17.0,1,3
796,264,22.0,2,12
797,264,27.0,2,3
798,265,85.0,3,6
799,266,51.0,2,2
800,267,31.0,3,2
801,267,240.0,6,9
802,267,163.0,4,11
803,268,170.0,2,15
804,268,62.0,1,5
805,268,1118.0,2,13
806,269,86.0,3,6
807,270,10.0,1,9
808,270,845.0,7,6
809,270,57.0,3,16
810,270,473.0,9,3
811,271,118.0,4,3
812,272,57.0,2,11
813,273,66.0,3,2
814,273,367.0,3,4
815,273,7.0,1,3
816,273,1275.0,2,5
817,273,42.0,2,9
818,274,124.0,5,10
819,275,248.0,2,6
820,276,282.0,4,7
821,277,1137.0,2,7
822,277,269.0,5,8
823,277,24.0,2,17
824,278,165.0,3,16
825,278,46.0,4,12
826,278,84.0,3,10
827,278,140.0,5,2
828,278,741.0,5,1
829,278,719.0,6,8
830,279,57.0,2,9
831,280,108.0,2,2
832,281,37.0,3,3
833,281,26.0,2,12
834,281,1351.0,6,4
835,281,2244.0,4,7
836,281,36.0,3,12
837,281,2115.0,5,8
838,282,121.0,4,2
839,283,146.0,5,3
840,283,105.0,8,12
841,283,127.0,3,16
842,283,16.0,4,3
843,283,10.0,2,12
844,284,24.0,4,3
845,285,94.0,2,11
846,285,394.0,2,1
847,285,734.0,2,8
848,285,349.0,7,2
849,286,89.0,2,2
850,286,502.0,4,5
851,286,63.0,4,10
852,286,107.0,3,11
853,287,83.0,6,11
854,287,2125.0,6,14
855,288,18.0,3,3
856,288,223.0,3,5
857,288,646.0,3,4
858,289,31.0,1,9
859,289,119.0,7,9
860,289,114.0,4,10
861,290,465.0,9,6
862,291,25.0,2,3
863,291,97.0,7,3
864,291,121.0,4,2
865,292,139.0,3,11
866,293,355.0,7,2
867,293,61.0,3,9
868,293,149.0,3,6
869,293,688.0,6,15
870,293,372.0,3,14
871,293,223.0,7,11
872,293,83.0,3,2
873,294,1246.0,3,1
874,295,388.0,2,1
875,296,31.0,3,17
876,296,42.0,2,9
877,296,190.0,8,10
878,296,103.0,2,3
879,296,287.0,6,9
880,296,23.0,2,17
881,296,79.0,2,16
882,297,43.0,3,2
883,297,33.0,3,3
884,297,24.0,5,3
885,297,734.0,6,4
886,298,33.0,3,12
887,298,499.0,4,6
888,298,147.0,3,2
889,298,53.0,3,10
890,298,171.0,2,4
891,298,915.0,3,13
892,298,191.0,4,11
893,298,857.0,2,13
894,299,22.0,2,12
895,299,28.0,4,17
896,299,43.0,1,6
897,299,846.0,2,8
898,300,15.0,1,12
899,300,140.0,5,10
900,300,210.0,2,5
901,301,158.0,3,3
902,301,90.0,2,10
903,301,159.0,3,16
904,301,61.0,2,3
905,302,79.0,7,6
906,302,268.0,2,1
907,302,802.0,7,15
908,302,1700.0,3,7
909,302,154.0,4,15
910,303,455.0,8,15
911,303,19.0,2,3
912,303,25.0,3,12
913,303,37.0,3,3
914,303,60.0,2,16
915,303,204.0,4,3
916,303,74.0,2,11
917,303,336.0,2,5
918,304,871.0,2,1
919,304,83.0,2,8
920,305,152.0,6,2
921,306,78.0,3,2
922,307,30.0,5,3
923,308,179.0,5,9
924,309,168.0,3,6
925,309,108.0,3,15
926,309,1622.0,3,5
927,309,323.0,5,5
928,309,12.0,2,17
929,310,125.0,5,11
930,310,685.0,7,7
931,310,850.0,5,4
932,310,1622.0,5,13
933,310,259.0,5,3
934,310,33.0,2,11
935,311,40.0,1,9
936,312,102.0,6,10
937,313,103.0,7,2
938,314,460.0,3,8
939,314,125.0,3,2
940,315,277.0,1,4
941,316,80.0,9,17
942,317,100.0,2,10
943,318,244.0,5,16
944,319,28.0,1,10
945,319,110.0,7,2
946,319,636.0,2,14
947,319,1599.0,6,4
948,319,977.0,7,5
949,320,100.0,2,10
950,321,170.0,5,10
951,321,84.0,2,15
952,321,71.0,5,15
953,322,52.0,2,2
954,323,226.0,3,15
955,323,484.0,3,14
956,323,253.0,1,7
957,323,3873.0,6,5
958,324,148.0,2,8
959,325,27.0,1,2
960,325,314.0,3,4
961,325,1228.0,3,8
962,326,57.0,5,12
963,327,200.0,4,4
964,328,25.0,1,16
965,328,122.0,3,15
966,329,1308.0,3,1
967,329,216.0,3,8
968,329,154.0,3,8
969,330,40.0,3,10
970,330,351.0,5,4
971,330,595.0,4,1
972,330,151.0,5,3
973,330,58.0,2,3
974,330,202.0,9,10
975,331,73.0,3,8
976,332,71.0,4,16
977,333,81.0,3,2
978,333,412.0,6,6
979,333,207.0,2,6
980,334,105.0,6,6
981,335,162.0,3,8
982,335,150.0,3,3
983,335,1657.0,4,8
984,336,61.0,4,6
985,337,1101.0,3,1
986,338,61.0,2,16
987,338,59.0,3,2
988,339,61.0,2,15
989,339,136.0,3,15
990,339,469.0,4,4
991,340,55.0,2,2
992,340,13.0,2,3
993,340,46.0,4,12
994,341,177.0,4,11
995,342,646.0,2,14
996,343,48.0,4,2
997,343,26.0,4,3
998,343,149.0,3,6
999,343,1547.0,6,15
1000,343,137.0,5,3
1001,344,169.0,3,6
1002,345,245.0,2,1
1003,345,60.0,3,6
1004,345,63.0,2,11
1005,345,765.0,3,4
1006,346,146.0,2,5
1007,347,290.0,6,3
1008,347,207.0,2,15
1009,348,152.0,3,16
1010,349,24.0,3,3
1011,349,140.0,2,7
1012,349,151.0,3,3
1013,350,13.0,1,12
1014,350,54.0,2,2
1015,350,644.0,2,14
1016,350,261.0,6,11
1017,350,1622.0,5,14
1018,350,190.0,9,16
1019,350,158.0,10,3
1020,350,136.0,5,6
1021,350,133.0,5,2
1022,351,102.0,2,2
1023,351,50.0,1,4
1024,351,111.0,9,3
1025,351,120.0,5,2
1026,351,40.0,1,15
1027,351,250.0,3,7
1028,351,89.0,2,2
1029,351,30.0,2,9
1030,351,248.0,2,5
1031,351,742.0,2,1
1032,352,14.0,4,3
1033,352,87.0,9,17
1034,352,935.0,4,4
1035,352,173.0,3,8
1036,352,352.0,5,7
1037,352,147.0,3,6
1038,352,44.0,3,3
1039,353,22.0,4,3
1040,353,188.0,2,4
1041,353,81.0,3,2
1042,353,44.0,3,3
1043,353,116.0,1,15
1044,353,67.0,4,10
1045,353,744.0,6,14
1046,353,1218.0,9,1
1047,353,87.0,5,2
1048,354,891.0,5,6
1049,354,146.0,1,5
1050,354,44.0,3,2
1051,354,27.0,2,12
1052,354,48.0,2,11
1053,354,189.0,4,16
1054,354,524.0,2,4
1055,354,148.0,1,4
1056,355,1716.0,7,15
1057,355,45.0,4,17
1058,355,39.0,2,6
1059,355,110.0,5,2
1060,355,54.0,3,10
1061,355,954.0,3,14
1062,355,2927.0,8,1
1063,355,294.0,9,10
1064,355,200.0,5,5
1065,356,89.0,4,11
1066,356,59.0,2,3
1067,356,33.0,3,3
1068,356,474.0,4,5
1069,356,140.0,2,5
1070,357,147.0,3,2
1071,357,16.0,1,6
1072,357,1157.0,9,1
1073,358,105.0,2,3
1074,358,360.0,3,6
1075,359,252.0,2,5
1076,359,681.0,4,8
1077,359,32.0,2,9
1078,359,132.0,3,11
1079,359,637.0,8,5
1080,359,429.0,3,8
1081,359,82.0,6,3
1082,359,23.0,2,3
1083,360,171.0,2,1
1084,361,34.0,5,12
1085,361,366.0,3,1
1086,361,26.0,3,17
1087,361,446.0,3,14
1088,361,48.0,3,11
1089,361,34.0,3,17
1090,362,260.0,2,14
1091,362,312.0,1,4
1092,362,544.0,3,1
1093,363,53.0,3,16
1094,364,199.0,4,2
1095,364,89.0,5,6
1096,364,1270.0,11,4
1097,364,346.0,3,8
1098,365,17.0,3,3
1099,366,510.0,6,4
1100,367,17.0,2,17
1101,367,119.0,4,16
1102,367,229.0,9,6
1103,368,811.0,7,15
1104,369,720.0,2,14
1105,369,2452.0,7,1
1106,369,171.0,6,10
1107,370,203.0,2,14
1108,370,742.0,2,1
1109,370,111.0,4,2
1110,370,365.0,3,5
1111,371,244.0,2,1
1112,372,115.0,2,15
1113,373,571.0,12,2
1114,373,398.0,8,3
1115,373,79.0,2,11
1116,373,39.0,5,12
1117,373,4141.0,13,14
1118,374,662.0,2,1
1119,375,29.0,3,17
1120,376,193.0,4,10
1121,377,27.0,1,2
1122,377,74.0,3,2
1123,377,180.0,4,10
1124,378,1063.0,4,4
1125,378,341.0,7,2
1126,379,560.0,3,6
1127,379,57.0,2,11
1128,379,284.0,2,1
1129,379,12.0,2,3
1130,379,82.0,3,9
1131,380,22.0,3,9
1132,381,42.0,3,12
1133,381,54.0,3,6
1134,381,62.0,2,10
1135,381,245.0,2,1
1136,381,867.0,5,5
1137,381,48.0,3,2
1138,382,13.0,1,12
1139,383,230.0,2,6
1140,383,32.0,1,8
1141,383,161.0,8,16
1142,383,50.0,6,10
1143,383,561.0,5,1
1144,384,304.0,6,2
1145,385,197.0,4,9
1146,385,108.0,4,11
1147,385,32.0,5,3
1148,385,44.0,4,2
1149,386,749.0,7,16
1150,386,71.0,5,12
1151,386,487.0,3,14
1152,386,918.0,9,4
1153,387,299.0,6,2
1154,387,88.0,7,3
1155,388,79.0,9,17
1156,389,44.0,3,3
1157,389,10.0,1,2
1158,389,42.0,1,15
1159,389,330.0,1,1
1160,389,338.0,7,3
1161,390,71.0,3,6
1162,391,188.0,7,11
1163,391,90.0,2,8
1164,391,13.0,2,3
1165,392,141.0,3,11
1166,393,44.0,2,2
1167,393,610.0,3,14
1168,393,4363.0,5,13
1169,393,414.0,3,5
1170,393,221.0,7,16
1171,393,201.0,4,16
1172,393,173.0,1,14
1173,394,196.0,5,5
1174,395,1314.0,3,1
1175,396,62.0,6,17
1176,396,31.0,2,3
1177,396,217.0,2,16
1178,396,286.0,6,11
1179,396,333.0,2,5
1180,396,47.0,2,2
1181,396,18.0,1,6
1182,397,16.0,3,3
1183,397,231.0,2,4
1184,397,2292.0,7,1
1185,397,48.0,1,3
1186,398,50.0,5,16
1187,399,26.0,1,2
1188,399,93.0,4,2
1189,399,152.0,5,6
1190,399,51.0,2,4
1191,399,352.0,8,2
1192,399,129.0,2,5
1193,399,223.0,7,11
1194,399,770.0,3,15
1195,399,222.0,5,3
1196,399,215.0,2,6
1197,399,109.0,1,16
1198,400,43.0,4,17
1199,400,676.0,3,14
1200,400,597.0,4,8
1201,401,13.0,2,3
1202,401,149.0,4,16
1203,401,8.0,2,17
1204,401,50.0,6,17
1205,402,80.0,3,2
1206,402,276.0,5,6
1207,402,71.0,3,10
1208,402,141.0,7,6
1209,402,113.0,2,6
1210,403,315.0,3,8
1211,403,128.0,4,3
1212,403,652.0,6,16
1213,403,114.0,6,16
1214,403,79.0,3,10
1215,403,498.0,4,6
1216,403,1745.0,2,13
1217,403,17.0,2,17
1218,404,147.0,3,6
1219,404,162.0,2,4
1220,405,87.0,3,2
1221,406,1301.0,5,15
1222,407,311.0,2,1
1223,408,22.0,1,2
1224,408,206.0,4,3
1225,408,57.0,5,12
1226,408,10.0,1,6
1227,409,285.0,2,14
1228,409,195.0,9,11
1229,410,527.0,3,4
1230,410,29.0,2,2
1231,410,85.0,2,11
1232,410,18.0,3,3
1233,410,176.0,5,16
1234,410,55.0,3,10
1235,411,93.0,2,2
1236,412,21.0,2,6
1237,413,29.0,3,17
1238,414,406.0,7,8
1239,414,278.0,5,8
1240,415,128.0,1,6
1241,416,74.0,3,11
1242,416,202.0,4,3
1243,416,429.0,3,4
1244,416,134.0,3,4
1245,417,78.0,1,8
1246,418,326.0,3,16
1247,418,61.0,4,3
1248,419,585.0,13,10
1249,420,319.0,6,15
1250,421,122.0,7,16
1251,421,49.0,1,2
1252,421,21.0,3,3
1253,422,1824.0,8,5
1254,423,1117.0,10,1
1255,423,29.0,3,16
1256,423,66.0,3,2
1257,423,59.0,2,2
1258,424,168.0,6,2
1259,425,155.0,3,2
1260,425,32.0,2,2
1261,425,41.0,5,3
1262,426,255.0,9,3
1263,426,25.0,3,9
1264,427,54.0,4,10
1265,428,77.0,2,11
1266,428,115.0,1,15
1267,428,1272.0,2,5
1268,429,21.0,1,10
1269,430,92.0,6,3
1270,430,11.0,1,17
1271,430,221.0,4,15
1272,430,50.0,5,2
1273,430,89.0,3,11
1274,430,291.0,2,14
1275,431,67.0,4,12
1276,432,47.0,5,6
1277,433,774.0,3,15
1278,433,143.0,1,1
1279,433,111.0,5,11
1280,434,425.0,5,15
1281,435,291.0,11,6
1282,435,520.0,3,5
1283,435,369.0,3,4
1284,436,341.0,7,16
1285,437,171.0,7,2
1286,438,41.0,2,10
1287,438,130.0,3,11
1288,438,52.0,2,2
1289,438,30.0,1,10
1290,439,83.0,5,11
1291,440,38.0,2,2
1292,440,113.0,4,3
1293,440,833.0,3,7
1294,441,176.0,5,16
1295,442,36.0,3,2
1296,443,185.0,4,2
1297,443,62.0,5,3
1298,443,79.0,6,3
1299,443,30.0,3,17
1300,443,122.0,7,2
1301,444,28.0,3,17
1302,445,302.0,6,16
1303,445,376.0,7,2
1304,445,179.0,1,6
1305,445,27.0,1,2
1306,446,32.0,8,3
1307,447,55.0,5,17
1308,448,163.0,2,15
1309,448,401.0,6,8
1310,448,1461.0,5,13
1311,448,1104.0,4,7
1312,449,100.0,2,3
1313,450,325.0,7,10
1314,450,169.0,4,6
1315,450,487.0,4,5
1316,450,166.0,2,15
1317,450,79.0,3,6
1318,450,32.0,3,11
1319,450,38.0,2,2
1320,450,284.0,6,3
1321,450,382.0,2,14
1322,451,184.0,6,10
1323,451,676.0,5,1
1324,451,669.0,5,1
1325,451,80.0,3,2
1326,451,216.0,4,2
1327,451,85.0,10,3
1328,451,382.0,2,6
1329,451,490.0,2,15
1330,451,1337.0,7,14
1331,451,600.0,5,4
1332,452,78.0,6,9
1333,452,101.0,4,10
1334,452,145.0,3,6
1335,452,148.0,4,9
1336,452,15.0,1,11
1337,452,25.0,2,2
1338,452,774.0,3,15
1339,453,17.0,2,17
1340,453,246.0,2,1
1341,453,425.0,7,6
1342,453,93.0,3,15
1343,453,594.0,3,1
1344,453,85.0,6,2
1345,453,27.0,3,17
1346,453,120.0,1,8
1347,453,162.0,3,2
1348,454,246.0,5,3
1349,454,88.0,2,6
1350,454,88.0,2,11
1351,454,139.0,3,15
1352,454,139.0,3,2
1353,454,138.0,5,2
1354,454,156.0,3,2
1355,454,559.0,2,4
1356,455,227.0,5,2
1357,455,5729.0,14,8
1358,455,94.0,2,10
1359,455,213.0,14,11
1360,455,250.0,2,14
1361,455,43.0,1,6
1362,455,1218.0,8,1
1363,455,671.0,9,5
1364,455,57.0,2,11
1365,456,70.0,3,2
1366,456,47.0,7,3
1367,456,33.0,2,3
1368,456,424.0,2,6
1369,456,391.0,6,5
1370,456,15.0,2,3
1371,456,101.0,2,3
1372,456,31.0,2,3
1373,456,220.0,2,15
1374,456,213.0,3,1
1375,456,19.0,4,9
1376,456,206.0,4,3
1377,457,736.0,5,14
1378,457,54.0,4,10
1379,457,659.0,2,1
1380,457,224.0,3,7
1381,458,212.0,7,3
1382,459,20.0,1,10
1383,460,382.0,3,6
1384,461,508.0,2,15
1385,461,965.0,3,14
1386,461,206.0,1,14
1387,461,642.0,5,6
1388,461,109.0,2,2
1389,461,27.0,2,10
1390,462,44.0,3,2
1391,462,50.0,2,2
1392,462,13.0,1,2
1393,463,241.0,4,4
1394,464,75.0,5,12
1395,464,61.0,4,3
1396,464,122.0,6,10
1397,464,22.0,2,6
1398,465,146.0,5,2
1399,466,86.0,2,6
1400,467,618.0,4,1
1401,467,53.0,4,3
1402,467,1120.0,6,6
1403,467,1137.0,7,14
1404,467,67.0,4,10
1405,468,193.0,5,15
1406,469,55.0,2,9
1407,470,54.0,4,11
1408,470,582.0,5,16
1409,470,75.0,1,7
1410,470,14.0,2,3
1411,471,21.0,3,3
1412,472,313.0,3,4
1413,473,37.0,3,3
1414,473,290.0,9,2
1415,473,122.0,4,3
1416,473,29.0,3,6
1417,473,1514.0,4,14
1418,474,57.0,4,12
1419,475,34.0,2,2
1420,476,91.0,2,2
1421,476,133.0,5,11
1422,476,60.0,2,10
1423,476,19.0,2,6
1424,476,450.0,4,1
1425,477,62.0,7,3
1426,478,17.0,2,17
1427,478,44.0,2,10
1428,478,557.0,2,4
1429,478,137.0,3,2
1430,479,18.0,2,3
1431,480,109.0,6,10
1432,481,359.0,5,1
1433,481,93.0,3,6
1434,481,169.0,3,15
1435,481,79.0,4,2
1436,481,24.0,3,3
1437,481,637.0,5,6
1438,482,95.0,2,2
1439,483,43.0,3,12
1440,483,145.0,3,10
1441,483,34.0,3,6
1442,483,143.0,2,15
1443,483,45.0,1,15
1444,484,209.0,4,4
1445,485,86.0,2,6
1446,485,1487.0,3,7
1447,485,40.0,2,2
1448,485,132.0,3,6
1449,486,43.0,2,10
1450,486,762.0,6,14
1451,486,25.0,2,3
1452,487,119.0,7,6
1453,487,46.0,3,3
1454,487,311.0,1,4
1455,487,40.0,2,2
1456,487,180.0,8,2
1457,488,11.0,2,3
1458,489,59.0,6,9
1459,489,27.0,1,3
1460,489,139.0,3,9
1461,490,80.0,3,2
1462,491,158.0,3,2
1463,491,29.0,4,3
1464,491,59.0,4,12
1465,492,97.0,2,10
1466,493,33.0,1,6
1467,493,2847.0,8,14
1468,493,852.0,5,1
1469,493,492.0,2,15
1470,493,81.0,5,12
1471,493,49.0,4,3
1472,493,148.0,3,6
1473,494,152.0,6,2
1474,495,6.0,1,9
1475,496,45.0,3,12
1476,496,103.0,2,6
1477,496,140.0,4,11
1478,496,88.0,3,15
1479,496,451.0,3,5
1480,496,264.0,3,7
1481,497,97.0,2,3
1482,497,14.0,1,3
1483,497,19.0,2,3
1484,497,39.0,2,12
1485,497,185.0,6,8
1486,497,663.0,5,14
1487,497,671.0,5,4
1488,498,82.0,3,15
1489,498,497.0,3,8
1490,498,96.0,5,12
1491,498,409.0,3,6
1492,498,59.0,2,10
1493,498,46.0,5,17
1494,499,9.0,1,17
1495,499,207.0,4,3
1496,499,835.0,5,5
1497,499,2366.0,5,7
1498,500,828.0,2,8
1499,500,34.0,2,10
1500,500,72.0,2,11
